Sucursal2,MES,Monto
1,3,97.13
1,4,174.9
1,5,158.59
1,6,178.94
1,7,100.38
1,8,99.78
1,9,157.15
1,10,84.68
1,11,84.1
1,12,83.59
1,1,90.45
1,2,98.54
1,3,121.76
1,4,177.32
1,5,172.46
1,6,148.88
1,7,139.98
1,8,141.66
1,9,141.07
1,10,128.05
1,11,114.33
1,12,147.93
1,1,123.15
1,2,123.4
1,3,122.53
1,6,171.04
1,7,132.65
2,6,122.17
2,7,95.93
2,8,92.92
2,9,112.4
2,10,83.98
2,11,79.97
2,12,84.73
2,1,88.38
2,2,94.6
2,3,100.23
2,4,123.8
2,5,128.68
2,6,123.59
2,7,116.15
2,8,116.4
2,9,112.7
2,10,106.8
2,11,98.64
2,12,130.84
2,1,101.54
2,2,107.56
2,3,111.07
2,4,128.97
2,5,134.79
2,6,135.66
2,7,114.77
3,3,84.96
3,4,123.59
3,5,117.21
3,6,119.31
3,7,84.3
3,8,84.5
3,9,112.1
3,10,74.15
3,11,70.57
3,12,80.96
3,1,86.42
3,2,89.1
3,3,98.15
3,4,136.79
3,5,135.3
3,6,129.42
3,7,122.33
3,8,120.15
3,9,115.34
3,10,106.07
3,11,92.1
3,12,121.94
3,1,101.83
3,2,107.91
3,3,109.84
3,4,137.85
3,5,143.42
3,6,135.44
3,7,116.15
4,3,95.96
4,4,124.5
4,5,123.6
4,6,130.75
4,7,102.31
4,8,105.04
4,9,127.38
4,10,93.85
4,11,89.89
4,12,103.05
4,1,103.16
4,2,105.52
4,3,134.26
4,4,182.53
4,5,167.85
4,6,157.34
4,7,159.33
4,8,153.59
4,9,144.49
4,10,132.05
4,11,130.04
4,12,148.28
4,1,135.63
4,2,137.29
4,3,134.46
4,4,143.4
4,5,152.92
4,6,150.84
4,7,141
5,3,81.28
5,4,108.68
5,5,112.17
5,6,112.91
5,7,86.56
5,8,91.18
5,9,118.06
5,10,77.15
5,11,74.68
5,12,79.83
5,1,83.78
5,2,90.02
5,3,99.88
5,4,138.42
5,5,141.27
5,6,134.79
5,7,122.16
5,8,126.54
5,9,118.37
5,10,114.58
5,11,96.75
5,12,129.3
5,1,101
5,2,110.85
5,3,118.22
5,4,133.16
5,5,144.24
5,6,142.48
5,7,119.11
6,3,83.46
6,4,109.92
6,5,114.94
6,6,119.96
6,7,89.14
6,8,87.51
6,9,113.68
6,10,83.11
6,11,79.66
6,12,82.2
6,1,86.42
6,2,91
6,3,103.54
6,4,145.32
6,5,142.62
6,6,135.67
6,7,129.08
6,8,129.06
6,9,129.55
6,10,117.96
6,11,101.14
6,12,124.13
6,1,96.14
6,2,111.11
6,3,116.85
6,4,144.11
6,5,135.73
6,6,136.16
6,7,118.74
7,3,97.22
7,4,134.82
7,5,127.09
7,6,132.01
7,7,100.37
7,8,100.91
7,9,132.06
7,10,90.57
7,11,85.84
7,12,93.02
7,1,96.39
7,2,104.74
7,3,114.45
7,4,143.6
7,5,146.56
7,6,140.9
7,7,127.96
7,8,131.4
7,9,126.4
7,10,119.48
7,11,110.4
7,12,141.83
7,1,117.87
7,2,127.09
7,3,128.65
7,4,144.67
7,5,141.91
7,6,147
7,7,129.73
8,3,79.62
8,4,117.91
8,5,117.2
8,6,124.07
8,7,90.22
8,8,87.72
8,9,113.2
8,10,76.9
8,11,76.11
8,12,78.98
8,1,86.33
8,2,90.61
8,3,103.18
8,4,135.1
8,5,138.96
8,6,131.3
8,7,119.96
8,8,119.91
8,9,116.24
8,10,108.36
8,11,99.43
8,12,124.15
8,1,100.15
8,2,109.85
8,3,113.78
8,4,141.07
8,5,143.11
8,6,140.43
8,7,117.99
9,3,92.02
9,4,106.31
9,5,117.54
9,6,112.36
9,7,99.74
9,8,91.65
9,9,107.28
9,10,69.83
9,11,65.51
9,12,63.62
9,1,89.27
9,2,93.16
9,3,105.9
9,4,142.76
9,5,149.9
9,6,135.84
9,7,127.4
9,8,123.75
9,9,123.07
9,10,116.88
9,11,108.09
9,12,136.47
9,1,111.48
9,2,118.07
9,3,122.04
9,4,144.62
9,5,142.26
9,6,147.94
9,7,123.8
10,3,80.53
10,4,95.41
10,5,106.93
10,6,111.15
10,7,90.13
10,8,91.2
10,9,106.42
10,10,79.5
10,11,74.06
10,12,89.33
10,1,87.27
10,2,90.02
10,3,103.73
10,4,144.77
10,5,149.92
10,6,145.29
10,7,133.51
10,8,129.76
10,9,127.68
10,10,115.28
10,11,114.93
10,12,125.13
10,1,106.25
10,2,116.26
10,3,115.47
10,4,134.74
10,5,136.97
10,6,132.09
10,7,122.93
11,3,71.66
11,4,108.13
11,5,106.97
11,6,112.01
11,7,77.28
11,8,74.43
11,9,99.38
11,10,65.29
11,11,61.81
11,12,67.03
11,1,70.85
11,2,75.23
11,3,87.38
11,4,127.9
11,5,128.92
11,6,121.21
11,7,116.55
11,8,108.77
11,9,101.32
11,10,96.14
11,11,82.54
11,12,120.19
11,1,94.84
11,2,104.2
11,3,107.17
11,4,147.73
11,5,148.81
11,6,128.75
11,7,113.15
12,3,77.36
12,4,109.61
12,5,111.59
12,6,114.78
12,7,83.9
12,8,80.96
12,9,109.24
12,10,76.2
12,11,66.92
12,12,79.16
12,1,81.65
12,2,80.92
12,3,99.38
12,4,135.51
12,6,145.8
12,7,145.55
12,8,143.99
12,9,128
12,10,119.42
12,11,107.65
12,12,108.47
12,1,101.73
12,2,104.62
12,3,110.72
12,4,139.71
12,5,139.08
12,6,130.07
12,7,110.72
13,3,61.42
13,4,96.84
13,5,87.63
13,6,93.45
13,7,68.1
13,8,66.85
13,9,85.3
13,10,60.04
13,11,55.61
13,12,63.43
13,1,63.2
13,2,68.41
13,3,85
13,4,120.26
13,5,118.47
13,6,120.27
13,7,109.8
13,8,108.38
13,9,105.58
13,10,90.44
13,11,81.37
13,12,94.11
13,1,84.51
13,2,90.78
13,3,87.8
13,4,110.25
13,5,93.25
13,6,91.88
13,7,88.92
14,3,75.11
14,4,107.41
14,5,107.09
14,6,119.07
14,7,85.72
14,8,83.7
14,9,106.45
14,10,73.92
14,11,67.07
14,12,74.1
14,1,79.02
14,2,85.5
14,3,94.71
14,4,131.84
14,5,129.27
14,6,126.22
14,7,114.51
14,8,115.45
14,9,111.03
14,10,104.84
14,11,93.86
14,12,115.94
14,1,97.01
14,2,102.9
14,3,110.3
14,4,130.48
14,5,131.49
14,6,135.44
14,7,119.83
15,3,59.28
15,4,68.68
15,5,66.83
15,6,66.62
15,7,60.34
15,8,59.94
15,9,63.93
15,10,56.73
15,11,55.19
15,12,59.66
15,1,62.07
15,2,64.5
15,3,63.83
15,4,66.86
15,9,59.87
15,10,61.1
15,11,61.82
15,12,65.84
15,1,61.82
15,2,65.32
15,3,68.94
15,4,78.22
15,5,79.23
15,6,75.41
15,7,72.63
16,3,55.61
16,4,87.32
16,5,81.3
16,6,77.07
16,7,59.24
16,8,58.72
16,9,80.39
16,10,55.92
16,11,52.99
16,12,54.19
16,1,59.04
16,2,65.23
16,3,66.31
16,4,85.49
16,5,85.56
16,6,87.09
16,7,81.99
16,8,84.09
16,9,84.31
16,10,77.78
16,11,77.11
16,12,97.54
16,1,74.92
16,2,85.4
16,3,86.21
16,4,100.74
16,5,86.19
16,6,83.76
16,7,86.04
17,3,89.96
17,4,122.9
17,5,119.52
17,6,125.14
17,7,91.4
17,8,92.16
17,9,120.41
17,10,81.41
17,11,77.49
17,12,85.62
17,1,89.46
17,2,95.44
17,3,108.21
17,4,142.26
17,5,143.03
17,6,133.19
17,7,127
17,8,121.88
17,9,120.42
17,10,111.17
17,11,105.64
17,12,131.15
17,1,107.85
17,2,115.08
17,3,121.06
17,4,141.86
17,5,135.78
17,6,144.06
17,7,122.04
18,3,87.55
18,4,122.89
18,5,122.96
18,6,135.64
18,7,99.27
18,8,103.91
18,9,124.93
18,10,88.15
18,11,79.12
18,12,93.2
18,1,95.01
18,2,94.99
18,3,123.3
18,4,166.49
18,5,161.22
18,6,143.19
18,7,145.35
18,8,135.56
18,9,132
18,10,121.2
18,11,116.66
18,12,136.93
18,1,115.67
18,2,128.77
18,3,124.32
18,4,146.36
18,5,149.5
18,6,147.09
18,7,130.47
19,3,85.15
19,4,110.32
19,5,109.91
19,6,115.33
19,7,89.44
19,8,93.54
19,9,119
19,10,79.2
19,11,77.04
19,12,84.12
19,1,85.84
19,2,92.01
19,3,106.06
19,4,132.24
19,5,136
19,6,129.79
19,7,124.45
19,8,121.51
19,9,121.57
19,10,112.36
19,11,109.58
19,12,130.8
19,1,111.56
19,2,118.26
19,3,126.44
19,4,134.53
19,5,135.19
19,6,136.43
19,7,121.52
20,3,98.39
20,4,134.02
20,5,133.89
20,6,147.36
20,7,110.21
20,8,115.4
20,9,141.07
20,10,96.77
20,11,91.73
20,12,103.82
20,1,104.41
20,2,108.59
20,3,130.36
20,4,182.23
20,6,163.32
20,7,158.09
20,8,152.45
20,9,139.71
20,10,136.12
20,11,132.73
20,12,147.95
20,1,128.72
20,2,134.44
20,3,133.02
20,4,166.09
20,5,167.4
20,6,156.83
20,7,142.83
21,3,93.85
21,4,124.9
21,5,121.32
21,6,124.47
21,7,102.34
21,8,102.86
21,9,126.52
21,10,91.39
21,11,84.72
21,12,95.32
21,1,96.25
21,2,101.87
21,3,120.17
21,4,162.52
21,5,155.54
21,6,150.99
21,7,144.97
21,8,144.86
21,9,135.7
21,10,124.29
21,11,114.16
21,12,139.1
21,1,117.57
21,2,130.1
21,3,128.24
21,4,151.58
21,5,150.36
21,6,147.63
21,7,136.73
22,3,77.82
22,4,106.95
22,5,101.37
22,6,113.66
22,7,81.17
22,8,82.89
22,9,102.6
22,10,72.78
22,11,69.15
22,12,75.04
22,1,77.74
22,2,83.51
22,3,94.21
22,4,117.88
22,5,122.26
22,6,119.58
22,7,110.28
22,8,111.58
22,9,111.99
22,10,99.57
22,11,96.95
22,12,119.77
22,1,91.03
22,2,102.98
22,3,103.49
22,4,121.3
22,5,128.86
22,6,128.83
22,7,109.98
23,3,89.2
23,4,122.48
23,5,113.66
23,6,122.87
23,7,91.02
23,8,92.75
23,9,122.65
23,10,82.5
23,11,78.55
23,12,85.87
23,1,87.8
23,2,94.28
23,3,105.82
23,4,140.52
23,5,144.58
23,6,141.85
23,7,129.56
23,8,130.3
23,9,129.07
23,10,119.62
23,11,110.13
23,12,137.91
23,1,112.68
23,2,124.18
23,3,121.86
23,4,135.28
23,5,137.3
23,6,148.99
23,7,123.62
24,12,111.15
24,1,89.44
24,2,98.65
24,3,97.34
24,4,113.76
24,5,114.51
24,6,118.02
24,7,102.78
25,9,152.46
25,10,135
25,11,112.22
25,12,139.46
25,1,134.21
25,2,135.34
25,3,171.61
25,5,169.67
25,6,146.27
25,7,139.56
25,8,137.36
25,9,118.2
25,10,105.54
25,11,101.24
25,12,126.77
25,1,104.49
25,2,110.45
25,3,115.82
25,4,138.26
25,5,142.81
25,6,145.03
25,7,121.54
26,3,79.89
26,4,100.1
26,5,104.6
26,6,116.08
26,7,87.12
26,8,90.49
26,9,113.72
26,10,80.92
26,11,75.78
26,12,82.34
26,1,82.72
26,2,86.73
26,3,96.78
26,4,133.7
26,5,144.47
26,6,141.12
26,7,128.02
26,8,127.95
26,9,123.7
26,10,114.05
26,11,101.41
26,12,123.3
26,1,99.45
26,2,113.25
26,3,115.97
26,4,145.77
26,5,141.03
26,6,137.49
26,7,115.86
27,3,59.14
27,4,67.27
27,5,62.98
27,6,68.62
27,7,61.63
27,8,60.94
27,9,61.94
27,10,56.68
27,11,56.35
27,12,62.87
27,1,61.8
27,2,63.69
27,3,62.38
27,4,125
27,9,65.97
27,10,64.75
27,11,62.51
27,12,67.63
27,1,63.01
27,2,65.53
27,3,66.32
27,4,78.37
27,5,77.97
27,6,77.57
27,7,73.33
28,3,89.71
28,4,110.44
28,5,109.57
28,6,114.83
28,7,88.89
28,8,90.25
28,9,111.28
28,10,80.92
28,11,78.07
28,12,82.12
28,1,85.96
28,2,92.71
28,3,100.82
28,4,128.53
28,5,129.32
28,6,125.69
28,7,119.07
28,8,116.93
28,9,115.74
28,10,109.42
28,11,101.36
28,12,119.47
28,1,104.99
28,2,108.79
28,3,111.96
28,4,127.68
28,5,126.71
28,6,135
28,7,116.27
29,3,67.48
29,4,93.44
29,5,88.07
29,6,89.45
29,7,69.5
29,8,70.41
29,9,88.88
29,10,65.22
29,11,58.89
29,12,66.75
29,1,68.38
29,2,74.52
29,3,76.96
29,4,106.26
29,5,104.45
29,6,99.3
29,7,91.62
29,8,87.77
29,9,96.15
29,10,91.64
29,11,76.6
29,12,92
29,1,74.97
29,2,83.82
29,3,86.44
29,4,105.3
29,5,108.55
29,6,112.63
29,7,91.82
30,3,66.16
30,4,85.96
30,5,89.44
30,6,82
30,7,67.78
30,8,65.49
30,9,88.04
30,10,60.67
30,11,58.21
30,12,62.2
30,1,66.09
30,2,72.46
30,3,72.48
30,4,100.84
30,5,99.61
30,6,92.75
30,7,88.08
30,8,94.03
30,9,88.04
30,10,84.96
30,11,75.26
30,12,97.44
30,1,81.22
30,2,89.67
30,3,91.89
30,4,109.79
30,5,91.9
30,6,91.1
30,7,89.36
31,3,65.33
31,4,91.71
31,5,84.98
31,6,83.69
31,7,58.83
31,8,60.79
31,9,81.86
31,10,57.46
31,11,50.9
31,12,55.24
31,1,60.43
31,2,64.07
31,3,68.23
31,4,106.79
31,5,107.12
31,6,108.1
31,7,92.03
31,8,90.55
31,9,90.32
31,10,81.78
31,11,67.65
31,12,100.76
31,1,68.88
31,2,79.97
31,3,77.54
31,4,103.5
31,5,87.29
31,6,82.99
31,7,84.68
32,3,57.68
32,4,89.79
32,5,77.37
32,6,78.8
32,7,62.6
32,8,61.28
32,9,75.87
32,10,55.54
32,11,52.74
32,12,56.89
32,1,60.5
32,2,65.2
32,3,66.99
32,4,99.76
32,5,99.67
32,6,92.06
32,7,80.61
32,8,78.07
32,9,76.89
32,10,70.83
32,11,68.71
32,12,87.38
32,1,69.05
32,2,78.95
32,3,78.01
32,4,92.73
32,5,78.65
32,6,76.3
32,7,77.46
33,3,69.37
33,4,90.44
33,5,95.19
33,6,91.23
33,7,73.05
33,8,74.34
33,9,88.22
33,10,63.95
33,11,61.02
33,12,65.97
33,1,65.57
33,2,68.37
33,3,88.82
33,4,133.91
33,5,139.08
33,6,135.24
33,7,131.71
33,8,120.2
33,9,118.61
33,10,109.9
33,11,98.81
33,12,101.24
33,1,87.48
33,2,96.22
33,3,96.08
33,4,122.58
33,5,100.77
33,6,103
33,7,98.44
34,3,57.6
34,4,79.51
34,5,79.69
34,6,72.98
34,7,63.43
34,8,60.23
34,9,72.5
34,10,54.62
34,11,52.46
34,12,56
34,1,59.59
34,2,62
34,3,69.34
34,4,91.24
34,5,95.45
34,6,90.8
34,7,83.46
34,8,85.2
34,9,82.41
34,10,75.9
34,11,68.7
34,12,81.18
34,1,70.78
34,2,73.73
34,3,75.12
34,4,88.33
34,5,81.64
34,6,80.7
34,7,77.32
35,3,55.44
35,4,82.81
35,5,83.5
35,6,78.94
35,7,59.64
35,8,60.72
35,9,78.49
35,10,56.86
35,11,53.14
35,12,57.98
35,1,58.66
35,2,62.44
35,3,65.59
35,4,103.8
35,5,106.07
35,6,100.27
35,7,89
35,8,90.81
35,9,82.02
35,10,80.84
35,11,69.18
35,12,82.57
35,1,71.32
35,2,73.46
35,3,78.53
35,4,97.3
35,5,80.95
35,6,80.97
35,7,83.13
36,3,62.23
36,4,78.75
36,5,78.1
36,6,77.7
36,7,60.13
36,8,61.59
36,9,80.11
36,10,57.42
36,11,53.76
36,12,58.45
36,1,64.13
36,2,67.62
36,3,71.47
36,4,104.32
36,5,102.28
36,6,97.18
36,7,86.81
36,8,90.91
36,9,89.3
36,10,83.43
36,11,76.35
36,12,96.43
36,1,76.18
36,2,85.78
36,3,85.36
36,4,100.56
36,5,83.39
36,6,80.61
36,7,80.7
37,3,53.01
37,4,68.8
37,5,70.97
37,6,74.08
37,7,55.04
37,8,55.06
37,9,75.28
37,10,50.96
37,11,48.22
37,12,53.61
37,1,59.26
37,2,60.72
37,3,61.9
37,4,97.44
37,5,97.5
37,6,93.43
37,7,76.99
37,8,79.13
37,9,76.15
37,10,71.39
37,11,65.5
37,12,93.52
37,1,68.38
37,2,69.92
37,3,78.84
37,4,86.53
37,5,79.65
37,6,75.8
37,7,78.65
38,3,54.76
38,4,81.97
38,5,88.73
38,6,87.02
38,7,58.12
38,8,63.66
38,9,88.91
38,10,51.95
39,3,66.85
39,4,96.07
39,5,89.06
39,6,91.85
39,7,71.83
39,8,74.88
39,9,88.08
39,10,63.67
39,11,60.16
39,12,65.43
39,1,70.84
39,2,72.46
39,3,90.8
39,4,134.8
39,5,121.33
39,6,117.6
39,7,121.04
39,8,110.55
39,9,123.39
39,10,99.51
39,11,87.49
39,12,102.5
39,1,88.62
39,2,93.3
39,3,96.43
39,4,112.79
39,5,93.48
39,6,94.48
39,7,93.16
40,3,59.98
40,4,68.1
40,5,73.03
40,6,63.76
40,7,59.86
40,8,61.08
40,9,58.33
40,10,57.1
40,11,54.04
40,12,56.32
40,1,57.18
40,2,59.68
40,3,60.58
40,4,69.42
40,5,69.94
40,6,65.42
40,7,65.63
40,8,66.38
40,9,65.71
40,10,63.98
40,11,61.41
40,12,61.16
40,1,64.73
40,2,65.22
40,3,64.33
40,4,71.55
40,5,72.06
40,6,71.55
40,7,74.39
41,3,54.4
41,4,69.81
41,5,70.38
41,6,78.03
41,7,62.29
41,8,63.5
41,9,82.01
41,10,57.31
41,11,55.23
41,12,58.73
41,1,61.92
41,2,65.54
41,3,77.25
41,4,113.23
41,5,114.48
41,6,111.65
41,7,99.8
41,8,97.2
41,9,95.14
41,10,87.72
41,11,77.76
41,12,99.37
41,1,76.52
41,2,86.61
41,3,88.96
41,4,104.56
41,5,92.94
41,6,90.58
41,7,87.21
42,3,63.75
42,4,78.99
42,5,83.29
42,6,79.44
42,7,63.76
42,8,63.51
42,9,83.89
42,10,58.97
42,11,58.16
42,12,59.88
42,1,63.07
42,2,67.08
42,3,74.3
42,4,101.89
42,5,101.88
42,6,93.75
42,7,84.18
42,8,85.72
42,9,80.61
42,10,76.16
42,11,70.21
42,12,92.17
42,1,72.99
42,2,80.55
42,3,84.16
42,4,91.91
42,5,82.99
42,6,82.97
42,7,81.5
43,3,58.49
43,4,72.54
43,5,74.59
43,6,75.18
43,7,60.64
43,8,61.41
43,9,71.72
43,10,55.9
43,11,53.78
43,12,57.99
43,1,59.78
43,2,63.8
43,3,67.71
43,4,97.75
43,5,95.15
43,6,93.46
43,7,83.28
43,8,80.19
43,9,82.24
43,10,75.23
43,11,69.85
43,12,81.11
43,1,72.81
43,2,74.39
43,3,75.03
43,4,87.96
43,5,77.91
43,6,77.26
43,7,77.27
44,3,83.38
44,4,105.65
44,5,103.95
44,6,103.39
44,7,82.29
44,8,86.64
44,9,99.52
44,10,81.36
44,11,75.08
44,12,79.49
44,1,85.6
44,2,84.65
44,3,114.07
44,4,152.31
44,5,154.33
44,6,145.33
44,7,147.54
44,8,144.22
44,9,129.95
44,10,120.5
44,11,112.35
44,12,123.71
44,1,110
44,2,118.53
44,3,110.1
44,4,130.79
44,5,124.03
44,6,124.83
44,7,125.48
45,3,73.69
45,4,100.02
45,5,95.31
45,6,92.16
45,7,72.15
45,8,74.7
45,9,94.17
45,10,68.03
45,11,66.33
45,12,69.75
45,1,74.85
45,2,75.57
45,3,87.84
45,4,107.64
45,5,116.35
45,6,114.55
45,7,106.69
45,8,108.46
45,9,109.31
45,10,100.29
45,11,93.56
45,12,111.56
45,1,95.47
45,2,97.91
45,3,105.83
45,4,118.8
45,5,101.53
45,6,106.49
45,7,105.19
46,3,56.66
46,4,63.85
46,5,69.38
46,6,60.52
46,7,52.66
46,8,53.11
46,9,60.28
46,10,52.93
46,11,51.96
46,12,54.18
46,1,55.52
46,2,58.25
46,3,59.1
46,4,55.14
46,9,59.1
46,10,58.96
46,11,58.25
46,12,63.35
46,1,59.66
46,2,61.01
46,3,63.03
46,4,69.73
46,5,69.93
46,6,68.25
46,7,69.48
47,3,54.69
47,4,64.64
47,5,61.26
47,6,63.11
47,7,51.49
47,8,50.91
47,9,67.63
47,10,49.71
47,11,47.8
47,12,57.68
47,1,57.3
47,2,59.73
47,3,60.07
47,4,76.48
47,5,79.8
47,6,71.76
47,7,65.35
47,8,67.71
47,9,64.53
47,10,64.25
47,11,60.45
47,12,73.59
47,1,62.6
47,2,67.3
47,3,66.93
47,4,70.61
47,5,70.48
47,6,67.06
47,7,69.84
48,3,84.96
48,4,122
48,5,112.7
48,6,130.12
48,7,90.28
48,8,91.46
48,9,121.29
48,10,80.58
48,11,74.43
48,12,82.94
48,1,84.97
48,2,91.13
48,3,103.56
48,4,135.35
48,5,132.71
48,6,129.96
48,7,118.82
48,8,121.02
48,9,117.62
48,10,110.37
48,11,101.84
48,12,133.37
48,1,106.25
48,2,117.34
48,3,119.06
48,4,137.7
48,5,133.17
48,6,144.12
48,7,119.87
49,3,82.4
49,4,109.72
49,5,120.17
49,6,122.68
49,7,89.13
49,8,86.9
49,9,111.07
49,10,77.46
49,11,73.71
49,12,79.48
49,1,83.41
49,2,89.77
49,3,102.09
49,4,147.72
49,5,146.16
49,6,140.03
49,7,128.21
49,8,124.52
49,9,119.56
49,10,106.43
49,11,101.42
49,12,130.7
49,1,104.2
49,2,110.76
49,3,114.38
49,4,138.02
49,5,134.09
49,6,141.82
49,7,121.76
50,3,64.68
50,4,78.02
50,5,74.28
50,6,65.31
50,7,67.93
50,8,63.29
50,9,73.41
50,10,64.35
50,11,62.94
50,12,68.66
50,1,69.62
50,2,73.64
50,3,74.61
50,4,91.42
50,4,143.04
50,5,81.83
50,6,83.37
50,7,87.18
51,3,53.21
51,4,69.84
51,5,69.79
51,6,66.29
51,7,52.64
51,8,55.01
51,9,67.29
51,10,51.73
51,11,50.2
51,12,55.5
51,1,56.97
51,2,60.13
51,3,58.64
51,4,62.74
52,1,105.18
52,2,112.21
52,3,110.37
52,4,122.44
52,5,122.99
52,6,130.31
52,7,113.34
53,3,72.51
53,4,97.07
53,5,102.57
53,6,104.82
53,7,79.14
53,8,77.5
53,9,96
53,10,70.36
53,11,64.35
53,12,75.43
53,1,74.32
53,2,81.27
53,3,88.26
53,4,141.58
53,5,132.28
53,6,115.08
53,7,111.07
53,8,110.29
53,9,109.67
53,10,95.65
53,11,90.44
53,12,105.84
53,1,86.5
53,2,99.11
53,3,100.6
53,4,113.84
53,5,115.46
53,6,114.59
53,7,104.22
54,11,100.66
54,12,109.71
54,1,97.06
54,2,108.24
54,3,106.67
54,4,125.64
54,5,124.91
54,6,127.14
54,7,108.27
55,3,93.93
55,4,117.32
55,5,113.3
55,6,114.97
55,7,99.2
55,8,100.46
55,9,119.31
55,10,92.25
55,11,87.24
55,12,97.85
55,1,98.65
55,2,103.73
55,3,121.01
55,4,153.32
55,5,156.9
55,6,151.92
55,7,143.28
55,8,138.88
55,9,139.15
55,10,130.22
55,11,121
55,12,145.16
55,1,125.53
55,2,134.93
55,3,132.81
55,4,155.22
55,5,147.33
55,6,147.1
55,7,138.03
56,3,87.88
56,4,127.23
56,5,116.32
56,6,112.35
56,7,86.65
56,9,113.12
56,10,79.6
56,11,73.78
56,12,82.07
56,1,85.44
56,2,89.35
56,3,98.79
56,4,128.1
56,5,130.11
56,6,126.47
56,7,115.55
56,8,110.65
56,9,109.48
56,10,104.21
56,11,96.54
56,12,120.65
56,1,100.09
56,2,110.48
56,3,114.23
56,4,131.24
56,5,129.98
56,6,129.15
56,7,116.32
57,3,86.55
57,4,110.8
57,5,120.25
57,6,125.52
57,7,94.1
57,8,96.08
57,9,113.33
57,10,82.49
57,11,72.15
57,12,80.3
57,1,85.15
57,2,89.32
57,3,102.58
57,4,137.48
57,5,144.37
57,6,141.31
57,7,128.41
57,8,127.13
57,9,125.88
57,10,117.5
57,11,107.01
57,12,121.85
57,1,99.06
57,2,106.38
57,3,112.94
57,4,134.37
57,5,140.72
57,6,139.06
57,7,123.31
58,3,91.82
58,4,147.81
58,5,147.9
58,6,146.83
58,7,100.1
58,8,106.15
58,9,134.23
58,10,89.56
58,11,87.27
58,12,89.32
58,1,93.1
58,2,95.9
58,3,117.88
58,4,162.1
58,5,171.24
58,6,156.31
58,7,148.57
58,8,146.36
58,9,135.47
58,10,124.03
58,11,112.79
58,12,142.79
58,1,113.09
58,2,124.64
58,3,131.56
58,4,162.27
58,5,165.53
58,6,158.5
58,7,131.99
59,3,89.9
59,4,105.02
59,5,101.68
59,6,111.31
59,7,88.2
59,8,85.97
59,9,106.81
59,10,79.52
59,11,78.27
59,12,80.64
59,1,85.97
59,2,89.09
59,3,97.14
59,4,128.24
59,5,123.56
59,6,129.38
59,7,119.35
59,8,119.79
59,9,118.36
59,10,115.89
59,11,106.25
59,12,124.42
59,1,107.93
59,2,118.98
59,3,118.07
59,4,128.65
59,5,126.88
59,6,128.72
59,7,116.36
60,3,64.78
60,4,95.7
60,5,91.68
60,6,90.24
60,7,67.03
60,8,68.01
60,9,91.5
60,10,63.83
60,11,59.88
60,12,63.94
60,1,69.1
60,2,73.02
60,3,80.66
60,4,116.84
60,5,119.94
60,6,119.48
60,7,103.29
60,8,100.64
60,9,96.29
60,10,89.98
60,11,79.04
60,12,101.53
60,1,82.33
60,2,96.42
60,3,95.62
60,4,112.64
60,5,95
60,6,92.28
60,7,93.15
61,3,78.55
61,4,100.35
61,5,98.34
61,6,103.58
61,7,80.84
61,8,80.77
61,9,106.93
61,10,76.94
61,11,72.15
61,12,76.69
61,1,83.32
61,2,87.51
61,3,96.79
61,4,121.55
61,5,125.41
61,6,122.42
61,7,113.21
61,8,114
61,9,109.29
61,10,104.61
61,11,97.56
61,12,123.81
61,1,98.3
61,2,110.15
61,3,112.04
61,4,130.34
61,5,127
61,6,129.55
61,7,114.01
62,3,86.82
62,4,127.65
62,5,118.3
62,6,130.52
62,7,97.67
62,8,96.61
62,9,118.67
62,10,85.93
62,11,81.58
62,12,84.91
62,1,93.54
62,2,98.91
62,3,112.38
62,4,162.34
62,5,157.77
62,6,152.98
62,7,147.72
62,8,145.47
62,9,140.54
62,10,125.39
62,11,116.45
62,12,142.62
62,1,118.23
62,2,128.6
62,3,126.54
62,4,150.11
62,5,150.88
62,6,137
62,7,131.6
63,3,84.23
63,4,116.31
63,5,117.87
63,6,117.05
63,7,91.69
63,8,88.53
63,9,113.82
63,10,78.02
63,11,79.61
63,12,81.08
63,1,85.93
63,2,89.93
63,3,106.36
63,4,140.18
63,5,141.33
63,6,141.11
63,7,130.87
63,8,122.36
63,9,124.84
63,10,113.12
63,11,106.54
63,12,131.59
63,1,107.54
63,2,114.88
63,3,114.38
63,4,133.87
63,5,133.39
63,6,138.79
63,7,117.9
64,3,84.85
64,4,112.75
64,5,113.8
64,6,121.63
64,7,89.96
64,8,89.31
64,9,108.97
64,10,80.43
64,11,74.18
64,12,83.48
64,1,85
64,2,91.24
64,3,105.04
64,4,138.31
64,5,137.03
64,6,134.87
64,7,123.41
64,8,123.34
64,9,124.95
64,10,110.63
64,11,103.38
64,12,127.6
64,1,97.7
64,2,109.72
64,3,113.66
64,4,130.59
64,5,129.82
64,6,129.99
64,7,114.74
65,3,80.66
65,4,110.49
65,5,107.96
65,6,114.13
65,7,89.91
65,8,88.41
65,9,111.02
65,10,81.06
65,11,77.77
65,12,86.03
65,1,90.63
65,2,93.32
65,3,102.75
65,4,127.31
65,5,127.78
65,6,128.44
65,7,119.82
65,8,115.7
65,9,115.29
65,10,111.79
65,11,107.56
65,12,129.12
65,1,111.52
65,2,114.33
65,3,120.89
65,4,132.91
65,5,136.16
65,6,139.92
65,7,123.13
66,3,74.47
66,4,94.69
66,5,91.83
66,6,88.11
66,7,75.64
66,8,76.42
66,9,92.95
66,10,66.71
66,11,66.65
66,12,69.58
66,1,74.51
66,2,82.04
66,3,87.05
66,4,112.94
66,5,109.32
66,6,103.58
66,7,97.06
66,8,97.94
66,9,95.13
66,10,86.69
66,11,83.92
66,12,102.49
66,1,82.24
66,2,90.04
66,3,94.32
66,4,110.04
66,5,113.65
66,6,114.78
66,7,98.09
67,3,76.83
67,4,106.92
67,5,101.67
67,6,107.35
67,7,84.62
67,8,79.82
67,9,100.1
67,10,70.66
67,11,66.62
67,12,75.37
67,1,79.92
67,2,83.18
67,3,93.78
67,4,137.89
67,5,138.19
67,6,134.39
67,7,120.16
67,8,116.4
67,9,114.42
67,10,105.12
67,11,99.09
67,12,120.39
67,1,96.83
67,2,110.43
67,3,115.25
67,4,127.65
67,5,125.21
67,6,129.25
67,7,114.59
68,3,76.45
68,4,121.26
68,5,113.23
68,6,116.25
68,7,86.69
68,8,90.68
68,9,110.07
68,10,79.27
68,11,68.61
68,12,85.49
68,1,82.52
68,2,86.28
68,3,98.76
68,4,136.56
68,5,135.02
68,6,130.85
68,7,121.65
68,8,117.03
68,9,115.45
68,10,108.32
68,11,96.82
68,12,116.75
68,1,103.83
68,2,107.4
68,3,109.38
68,4,137.17
68,5,141.92
68,6,138.52
68,7,115.57
69,3,81.79
69,4,105.82
69,5,106.44
69,6,108.8
69,7,89.37
69,8,93.09
69,9,106.7
69,10,77.09
69,11,78.29
69,12,84.8
69,1,84.86
69,2,91.27
69,3,99.81
69,4,131.51
69,5,132.28
69,6,130.15
69,7,116.14
69,8,118.87
69,9,117.29
69,10,109.3
69,11,100.76
69,12,124.9
69,1,103.99
69,2,110.01
69,3,113.9
69,4,133.47
69,5,138.19
69,6,140.37
69,7,116.62
70,3,86.37
70,4,100
70,5,95.48
70,6,111.4
70,7,84.7
70,8,87.26
70,9,106.62
70,10,78.56
70,11,71.63
70,12,78.4
70,1,87.47
70,2,89.13
70,3,99.14
70,4,141.04
70,5,147.68
70,6,137.22
70,7,128.3
70,8,124.21
70,9,120.14
70,10,112.21
70,11,104.63
70,12,126.84
70,1,99.1
70,2,109.31
70,3,114.07
70,4,139.04
70,5,148.79
70,6,132.73
70,7,113.6
71,3,87.41
71,4,111.7
71,5,110.16
71,6,114.95
71,7,87.5
71,8,88.46
71,9,113.6
71,10,81.75
71,11,74.45
71,12,85.57
71,1,85.23
71,2,91.93
71,3,102.26
71,4,121.92
71,5,130.88
71,6,131.34
71,7,118.93
71,8,120.23
71,9,117.18
71,10,108.6
71,11,103.47
71,12,128.3
71,1,103.24
71,2,118.46
71,3,117.46
71,4,133.83
71,5,128.85
71,6,138.47
71,7,124.45
72,3,59.78
72,4,72.61
72,5,79.5
72,6,72.81
72,7,60.33
72,8,62.44
72,9,66.37
72,10,61.31
72,11,55.4
72,12,60.96
72,1,64.31
72,2,65.52
72,3,66.34
72,4,125.78
73,3,82.19
73,4,112.54
73,5,108.06
73,6,116.01
73,7,85.7
73,8,88.23
73,9,112.78
73,10,80.37
73,11,77.48
73,12,87.47
73,1,85.31
73,2,86.29
73,3,102.64
73,4,128.22
73,5,127.98
73,6,130.61
73,7,115.24
73,8,117.26
73,9,115.26
73,10,109.04
73,11,98.69
73,12,125.91
73,1,100.98
73,2,107.48
73,3,108.75
73,4,129.73
73,5,128.59
73,6,130.59
73,7,110.95
74,3,87.05
74,4,107.83
74,5,108.94
74,6,109.98
74,7,87
74,8,90.2
74,9,107.29
74,10,75.39
74,11,73.93
74,12,76.92
74,1,84.28
74,2,87.92
74,3,97.06
74,4,127.95
74,5,128.82
74,6,122.34
74,7,113.46
74,8,115.23
74,9,111.2
74,10,103.12
74,11,91.78
74,12,124.24
74,1,102.67
74,2,110.37
74,3,112.44
74,4,133.56
74,5,132.26
74,6,138.97
74,7,111.45
75,3,58.75
75,4,67.32
75,5,67.21
75,6,64.57
75,7,61.46
75,8,60.79
75,9,64.24
75,10,58.14
75,11,53.31
75,12,59.63
75,1,62.13
75,2,66.65
75,3,65.91
75,4,58.6
75,9,65.09
75,10,63.34
75,11,62.8
75,12,66.37
75,1,64.89
75,2,63.9
75,3,69.53
75,4,81.1
75,5,79.14
75,6,77.91
75,7,75.79
76,3,75.28
76,4,92.44
76,5,88.82
76,6,82.56
76,7,75.74
76,8,74.83
76,9,81.88
76,10,67.15
76,11,66.86
76,12,70.42
76,1,72.09
76,2,77.57
76,3,82.32
76,4,117.52
76,5,107.57
76,6,95.38
76,7,91.67
76,8,87.98
76,9,87.87
76,10,84.5
76,11,78.74
76,12,86.5
76,1,82.35
76,2,88.41
76,3,89.61
76,4,103.92
76,5,105.26
76,6,105.26
76,7,93.43
77,3,86.77
77,4,105.91
77,5,110.22
77,6,111.55
77,7,93.21
77,8,92.63
77,9,109.52
77,10,85.55
77,11,81.96
77,12,90.43
77,1,90.63
77,2,91.96
77,3,116.53
77,4,156.18
77,5,153.96
77,6,149.12
77,7,135.02
77,8,133.38
77,9,134.25
77,10,123.24
77,11,115.92
77,12,131.43
77,1,113
77,2,119.45
77,3,126.26
77,4,144.25
77,5,142.88
77,6,136.08
77,7,123.64
78,3,88.39
78,4,118.01
78,5,130.59
78,6,129.98
78,7,94.79
78,8,92.57
78,9,127.07
78,10,83.51
78,11,79.53
78,12,87.02
78,1,88.82
78,2,92.51
78,3,108.92
78,4,147.54
78,5,153.74
78,6,152.41
78,7,134.01
78,8,132.62
78,9,128.61
78,10,118.82
78,11,112.19
78,12,143.07
78,1,117.58
78,2,125.12
78,3,122.43
78,4,148.29
78,5,153.02
78,6,146.1
78,7,133.49
79,3,58.77
79,4,77.74
79,5,79.38
79,6,76.04
79,7,61.11
79,8,60.68
79,9,75.77
79,10,54.87
79,11,53.85
79,12,57.09
79,1,61.83
79,2,65.09
79,3,69.05
79,4,90.52
79,5,93.72
79,6,91.24
79,7,81.21
79,8,78.59
79,9,87.14
79,10,76.71
79,11,73.12
79,12,98.54
79,1,74.45
79,2,87.12
79,3,81.12
79,4,88.46
79,5,79.69
79,6,83.68
79,7,80.67
80,3,59.4
80,4,66.17
80,5,62.75
80,6,65.06
80,7,60.11
80,8,58.99
80,9,62.71
80,10,56.54
80,11,56.59
80,12,60.63
80,1,64.08
80,2,65.26
80,3,64.47
80,4,51.64
80,9,68.97
80,10,64.73
80,11,65.98
80,12,72.12
80,1,62.09
80,2,68.29
80,3,71.4
80,4,81.3
80,5,76.99
80,6,76.9
80,7,74.16
81,3,59.44
81,4,67.05
81,5,66.7
81,6,65.24
81,7,59.79
81,8,60.5
81,9,63.47
81,10,55.89
81,11,53.17
81,12,58.75
81,1,60.68
81,2,62.02
81,3,63.01
81,4,67.06
81,9,63.35
81,10,64.35
81,11,63
81,12,69.48
81,1,64.8
81,2,66.27
81,3,67.33
81,4,79.6
81,5,74.44
81,6,73.27
81,7,71.2
82,3,56.38
82,4,65.78
82,5,64.46
82,6,66.16
82,7,56.42
82,8,56.69
82,9,65.52
82,10,53.75
82,11,52.63
82,12,54.98
82,1,60.46
82,2,61.66
82,3,62.35
82,4,71.2
82,3,63.89
82,4,83.27
82,5,72.37
82,6,73.56
82,7,74.68
83,3,81.06
83,4,112.67
83,5,112.42
83,6,114.48
83,7,86.08
83,8,87.16
83,9,109.43
83,10,81.68
83,11,78.1
83,12,80.28
83,1,81.88
83,2,87.77
83,3,99.14
83,4,137.06
83,5,134.27
83,6,132.77
83,7,123.93
83,8,118.81
83,9,113.34
83,10,109.78
83,11,102.56
83,12,121.42
83,1,96.93
83,2,111.95
83,3,113.93
83,4,132.68
83,5,138.96
83,6,131.21
83,7,115.37
84,3,72.8
84,4,109.71
84,5,103.09
84,6,107.52
84,7,81.15
84,8,80.13
84,9,105.39
84,10,70.76
84,11,67.86
84,12,74.63
84,1,82.09
84,2,83.41
84,3,95.1
84,4,138.03
84,5,147.61
84,6,130.86
84,7,120.81
84,8,124.59
84,9,120.71
84,10,107.07
84,11,92.22
84,12,125.97
84,1,96.23
84,2,107.42
84,3,111.56
84,4,132.5
84,5,139.75
84,6,132.05
84,7,111.84
85,3,78.97
85,4,90.32
85,5,94.52
85,6,97.65
85,7,81.88
85,8,82.84
85,9,95.62
85,10,72.56
85,11,72.43
85,12,78.43
85,1,81.31
85,2,86.15
85,3,103.58
85,4,151.88
85,5,144.41
85,6,127.03
85,7,125.49
85,8,118.41
85,9,120.56
85,10,105.79
85,11,101.18
85,12,114.52
85,1,100.71
85,2,107.61
85,3,105.35
85,4,127.78
85,5,120.25
85,6,126.23
85,7,112.3
86,3,58.04
86,4,62.83
86,5,59.93
86,6,58.99
86,7,56.2
86,8,55.44
86,9,55.66
86,10,52.9
86,11,50.55
86,12,54.97
86,1,56.89
86,2,59.43
86,3,56.61
86,4,46.05
86,9,60.63
86,10,60.48
86,11,57.29
86,12,63.98
86,1,60.29
86,2,60.27
86,3,58.45
86,4,71.36
86,5,68.05
86,6,65.45
86,7,70.94
87,3,69.18
87,4,80.66
87,5,76.93
87,6,77.35
87,7,68.99
87,8,72.7
87,9,76.04
87,10,65.02
87,11,61.83
87,12,70.22
87,1,70.82
87,2,73.81
87,3,74.36
87,4,88.16
88,3,65.17
88,4,73.37
88,5,69.1
88,6,73.34
88,7,65.76
88,8,64.37
88,9,69.09
88,10,62.42
88,11,58.91
88,12,65.82
88,1,66.14
88,2,71.11
88,3,81.07
88,4,162.17
88,5,138.98
88,6,116.5
88,7,112.08
88,8,97.27
88,9,91.39
88,10,81.29
88,11,82.78
88,12,91.37
88,1,83.61
88,2,89.32
88,3,83.36
88,4,100.9
88,5,100.65
88,6,94.05
88,7,87.73
89,3,76.28
89,4,107.64
89,5,105.03
89,6,103.63
89,7,74.94
89,8,73.81
89,9,92.56
89,10,66.17
89,11,63.01
89,12,68.47
89,1,74.62
89,2,78.34
89,3,87.31
89,4,130.51
89,5,127.72
89,6,113.65
89,7,107.33
89,8,106.54
89,9,101.97
89,10,93.62
89,11,84.6
89,12,107.63
89,1,85.9
89,2,91.53
89,3,98.74
89,4,121.43
89,5,115.67
89,6,119.97
89,7,100.4
90,3,86.67
90,4,111
90,5,112.18
90,6,108.28
90,7,89.75
90,8,91.14
90,9,115.72
90,10,79.75
90,11,81.66
90,12,84.18
90,1,84.18
90,2,89.7
90,3,100.17
90,4,125.06
90,5,137.74
90,6,138.09
90,7,119.72
90,8,122.21
90,9,118.46
90,10,111.95
90,11,100.62
90,12,120.82
90,1,103.43
90,2,112.24
90,3,112.9
90,4,132.94
90,5,134.65
90,6,141.94
90,7,120.34
91,3,96.78
91,4,125
91,5,116.33
91,6,127.52
91,7,102.74
91,8,102.36
91,9,125.9
91,10,90.58
91,11,86.46
91,12,93.85
91,1,97.59
91,2,104.06
91,3,120.59
91,4,163.07
91,5,158.04
91,6,151.47
91,7,142.76
91,8,136.49
91,9,136.6
91,10,126.1
91,11,114.55
91,12,139.63
91,1,120.31
91,2,130.3
91,3,125.36
91,4,146.36
91,5,144.01
91,6,140.87
91,7,134.12
92,3,84.65
92,4,112.97
92,5,113.05
92,6,116.49
92,7,90.29
92,8,95
92,9,116.67
92,10,77.38
92,11,75.6
92,12,81.81
92,1,85.52
92,2,90.56
92,3,100.33
92,4,126.34
92,5,135.95
92,6,127.25
92,7,115.29
92,8,113.76
92,9,112.75
92,10,104.86
92,11,97.34
92,12,123.56
92,1,98.85
92,2,115.15
92,3,114.27
92,4,132.39
92,5,135.73
92,6,138.25
92,7,114.51
93,3,88.24
93,4,117.98
93,5,117.9
93,6,121.78
93,7,91.76
93,8,92.58
93,9,120.49
93,10,85.42
93,11,81.21
93,12,85.11
93,1,91.12
93,2,97.85
93,3,108.54
93,4,142.65
93,5,150.7
93,6,140.28
93,7,127.02
93,8,127.79
93,9,129.46
93,10,114.78
93,11,108.08
93,12,137.82
93,1,109.92
93,2,124.45
93,3,123.92
93,4,140.65
93,5,141.37
93,6,144.93
93,7,124.66
94,3,94.33
94,4,123.65
94,5,116.22
94,6,123.79
94,7,91.74
94,8,93.77
94,9,120.37
94,10,81.58
94,11,75.35
94,12,83.77
94,1,89.53
94,2,91.57
94,3,102.26
94,4,134.8
94,5,133.21
94,6,130.47
94,7,120.98
94,8,122.43
94,9,120.95
94,10,108.28
94,11,105.05
94,12,134.29
94,1,112.71
94,2,121.43
94,3,118.17
94,4,141.18
94,5,136.4
94,6,143.17
94,7,121.04
95,3,91.6
95,4,119
95,5,122.33
95,6,124.3
95,7,102.25
95,8,99.43
95,9,119.94
95,10,86.89
95,11,84.21
95,12,89.22
95,1,93.2
95,2,96.52
95,3,113.73
95,4,155.31
95,5,152.15
95,6,146.42
95,7,140.19
95,8,135.97
95,9,128.53
95,10,121.69
95,11,114.02
95,12,131.51
95,1,112.76
95,2,123.22
95,3,126.33
95,4,148.48
95,5,146.61
95,6,145.35
95,7,133.23
96,3,93.27
96,4,134.07
96,5,128.48
96,6,135.25
96,7,107.88
96,8,109.66
96,9,131.14
96,10,92.66
96,11,90.92
96,12,102.07
96,1,102.89
96,2,109.47
96,3,129.92
96,6,168.39
96,7,161.04
96,8,155.71
96,9,148.27
96,10,145.23
96,11,125.85
96,12,140.33
96,1,120.78
96,2,128.04
96,3,131.68
96,4,160.05
96,5,159.4
96,6,155.02
96,7,143.1
97,3,87.97
97,4,119.58
97,5,115.6
97,6,119.19
97,7,91.59
97,8,92.11
97,9,117.7
97,10,80.04
97,11,76.57
97,12,85.54
97,1,86.17
97,2,89.12
97,3,105.39
97,4,135.73
97,5,134.66
97,6,132.34
97,7,124.52
97,8,115.1
97,9,117.89
97,10,110.68
97,11,101.36
97,12,122.67
97,1,102.35
97,2,111.17
97,3,114.81
97,4,133.09
97,5,130.61
97,6,130.99
97,7,118.6
98,3,111.85
98,4,129.97
98,5,126.66
98,6,117.15
98,7,92.44
98,8,94.47
98,9,116.08
98,10,83.55
98,11,79.92
98,12,87.91
98,1,87.1
98,2,95.27
98,3,107.78
98,4,148.08
98,5,154.89
98,6,142.18
98,7,130.93
98,8,128.04
98,9,121.72
98,10,114.2
98,11,104.59
98,12,124.06
98,1,106.49
98,2,111.23
98,3,119.41
98,4,148.18
98,5,145.12
98,6,140.49
98,7,123.83
99,4,69
99,5,60.6
99,6,61.39
99,7,56.13
99,8,57.19
99,9,58.89
99,10,51.66
99,11,52.16
99,12,64.52
99,1,58.72
99,2,59.79
99,3,62.19
99,4,64.12
99,9,61.32
99,10,61.85
99,11,60.28
99,12,66.77
99,1,64.02
99,2,62.81
99,3,64.96
99,4,76.76
99,5,74.5
99,6,74.91
99,7,72.14
100,3,62.74
100,4,65.49
100,5,63.03
100,6,65.11
100,7,59.82
100,9,62.88
100,10,57.3
100,11,58.29
100,12,64.36
100,1,64.05
100,2,66.11
100,3,65.76
100,4,49.48
100,9,60.95
100,10,62.48
100,11,61.8
101,2,81.28
101,3,74.9
101,4,89.35
101,5,94.17
101,6,92.22
101,7,87.3
101,8,89.58
101,9,82.27
101,10,81.62
101,11,75.48
101,12,106.76
101,1,78.82
101,2,82.31
101,3,86.21
101,4,115.49
101,5,113.54
101,6,123.4
101,7,91.54
102,7,124.75
102,8,115.57
102,9,108.26
102,10,103.02
102,11,98.71
102,12,118.3
102,1,106.85
102,2,113.64
102,3,113.91
102,4,127.65
102,5,126.79
102,6,126.48
102,7,113.94
103,3,87.02
103,4,125.2
103,5,118.88
103,6,125.6
103,7,97.46
103,8,97.91
103,9,121.52
103,10,84.33
103,11,77.68
103,12,86.19
103,1,88.99
103,2,94.64
103,3,109.77
103,4,152.16
103,5,142.13
103,6,139.51
103,7,132.79
103,8,131.64
103,9,125.67
103,10,116.44
103,11,109.26
103,12,132.44
103,1,116.9
103,2,114.7
103,3,119.89
103,4,142.96
103,5,147.86
103,6,139.85
103,7,123.09
104,8,94.32
104,9,104.32
104,10,84.69
104,11,76.98
104,12,80.59
104,1,87.79
104,2,92.01
104,3,97.64
104,4,113.21
104,5,115.89
104,6,116.4
104,7,107.86
104,8,106.63
104,9,108.79
104,10,101.94
104,11,97.27
104,12,121.83
104,1,104.58
104,2,115.92
104,3,110.39
104,4,135.22
104,5,128.43
104,6,130.69
104,7,113.59
105,3,104.99
105,4,118.03
105,5,130.64
105,6,140.68
105,7,112.02
105,8,107.89
105,9,120.39
105,10,92.54
105,11,90.68
105,12,94.93
105,1,99.89
105,2,96.77
105,3,125.18
105,4,176.57
105,5,165.44
105,6,156.61
105,7,151.2
105,8,143.37
105,9,140.11
105,10,130.9
105,11,126.28
105,12,130.66
105,1,128.99
105,2,123.63
105,3,121.71
105,4,138.06
105,5,144.22
105,6,135.17
105,7,139.4
106,3,81.59
106,4,116.29
106,5,116.57
106,6,115.67
106,7,85.1
106,8,85.92
106,9,112.69
106,10,75.97
106,11,69.45
106,12,77.44
106,1,80.69
106,2,87.15
106,3,103.3
106,4,127.44
106,5,134.88
106,6,130.32
106,7,117.1
106,8,115.34
106,9,110.68
106,10,105.81
106,11,98.55
106,12,122.82
106,1,96.81
106,2,106.6
106,3,111.23
106,4,130.04
106,5,130.72
106,6,138.28
106,7,118.3
107,3,57.61
107,4,88.78
107,5,83.68
107,6,84.32
107,7,58.81
107,8,59.27
107,9,80.92
107,10,53.98
107,11,51.14
107,12,56.77
107,1,60.57
107,2,64.47
107,3,68.09
107,4,93.42
107,5,94.18
107,6,88.93
107,7,81.91
107,8,80.17
107,9,81.26
107,10,76.85
107,11,70.31
107,12,94.32
107,1,70.26
107,2,81.29
107,3,80.86
107,4,94.9
107,5,94
107,6,100.1
107,7,80.71
108,3,85.38
108,4,129.75
108,5,125.08
108,6,124.92
108,7,90.35
108,8,88.51
108,9,120.45
108,10,79.04
108,11,71.43
108,12,81.66
108,1,83.81
108,2,91.36
108,3,103.26
108,4,135.81
108,5,137.34
108,6,134
108,7,124.8
108,8,118.94
108,9,113.17
108,10,105.37
108,11,96.87
108,12,120.4
108,1,100.09
108,2,108.65
108,3,111.77
108,4,156.46
108,5,132.37
108,6,135.02
108,7,114.28
109,3,74.92
109,4,106.73
109,5,104.68
109,6,106.39
109,7,78.64
109,8,81.46
109,9,109.6
109,10,72.57
109,11,69.89
109,12,72.16
109,1,76.72
109,2,85.28
109,3,90.42
109,4,133.9
109,5,137.28
109,6,128.46
109,7,113.03
109,8,114.27
109,9,108.2
109,10,101.22
109,11,85.82
109,12,111.14
109,1,92.56
109,2,100.76
109,3,102.92
109,4,122.35
109,5,130.61
109,6,133.12
109,7,105.22
110,3,79.56
110,4,126.13
110,5,124.15
110,6,127.5
110,7,85.01
110,8,87.2
110,9,122.16
110,10,78.2
110,11,74.15
110,12,73.94
110,1,81.96
110,2,87.06
110,3,98.75
110,4,132.5
110,5,136.57
110,6,132.82
110,7,118.01
110,8,115.83
110,9,117.92
110,10,106.2
110,11,99.78
110,12,133.74
110,1,97.91
110,2,108.46
110,3,110.39
110,4,146.01
110,5,144.88
110,6,140.93
110,7,111.99
111,3,102.79
111,4,137.56
111,5,128.04
111,6,141.55
111,7,111.61
111,8,114.88
111,9,128.36
111,10,94.43
111,11,85.96
111,12,97.68
111,1,99.11
111,2,106.76
111,3,142.49
111,4,179.27
111,5,173.66
111,6,167.26
111,7,156.66
111,8,145.99
111,9,142.24
111,10,134.78
111,11,130.5
111,12,141.25
111,1,130.36
111,2,142.31
111,3,140.73
111,4,163.08
111,5,155.19
111,6,158.26
111,7,145.79
112,3,77.36
112,4,118.97
112,5,105.75
112,6,111.26
112,7,80.49
112,8,77.59
112,9,107.28
112,10,70.22
112,11,65.57
112,12,74.3
112,1,76.76
112,2,83.93
112,3,94.04
112,4,134.29
112,5,131.96
112,6,130.24
112,7,115.23
112,8,113.92
112,9,111.56
112,10,105.84
112,11,92.78
112,12,120.73
112,1,94.26
112,2,104.95
112,3,106.75
112,4,132.6
112,5,136.39
112,6,132.86
112,7,108.15
113,3,81.46
113,4,104.81
113,5,104.92
113,6,108.59
113,7,84.46
113,8,83.83
113,9,103.88
113,10,75.27
113,11,72.15
113,12,75.54
113,1,79.23
113,2,85.82
113,3,98.38
113,4,136.98
113,5,136.34
113,6,128.83
113,7,121.73
113,8,121.81
113,9,114.28
113,10,108.37
113,11,96.97
113,12,119.04
113,1,103.76
113,2,110.27
113,3,109.65
113,4,128.53
113,5,132.37
113,6,132.3
113,7,117.12
114,3,54.72
114,4,72.37
114,5,71.15
114,6,71.16
114,7,56.93
114,8,56.63
114,9,54.47
114,10,51.26
114,11,50.38
114,12,54.58
114,1,57.64
114,2,60.93
114,3,64.1
114,4,72.17
114,6,102.28
114,7,80.14
114,8,79.75
114,9,73.39
114,10,65.95
114,11,64
114,12,81.63
114,1,66.9
114,2,71.56
114,3,71.66
114,4,90.69
114,5,74.52
114,6,71.29
114,7,71.58
115,3,58.1
115,4,56.43
115,5,55.86
115,6,54.94
115,7,55.63
115,8,56.35
115,9,53.45
115,10,54.07
115,11,51.28
115,12,55.94
115,1,54.4
115,2,59.45
115,3,60.89
115,4,61.62
115,5,63.8
115,6,63.81
115,7,63.31
115,8,68.21
115,9,65.29
115,10,65.39
115,11,61.45
115,12,60.9
115,1,65.08
115,2,67.3
115,3,66.11
115,4,72.07
115,5,71.61
115,6,70.26
115,7,73.61
116,3,61.83
116,4,83.27
116,5,75.36
116,6,80.2
116,7,62.82
116,8,63.07
116,9,85.93
116,10,58.36
116,11,57.77
116,12,62.89
116,1,62.63
116,2,63.12
116,3,73.03
116,4,113.49
116,5,114.94
116,6,108.07
116,7,107.07
116,8,105.3
116,9,102.92
116,10,90.86
116,11,80.73
116,12,98.12
116,1,78.55
116,2,86.03
116,3,86.27
116,4,106.74
116,5,95.92
116,6,94.28
116,7,95.37
117,3,75.76
117,4,105.99
117,5,97.69
117,6,107.08
117,7,89.82
117,8,82.69
117,9,96.17
117,10,69.13
117,11,62.76
117,12,67.72
117,1,73
117,2,81.81
117,3,94.33
117,4,142.52
117,5,146.28
117,6,134.36
117,7,132.49
117,8,124.12
117,9,109.53
117,10,105.07
117,11,91.92
117,12,99.12
117,1,94.4
117,2,105.71
117,3,105.88
117,4,121.99
117,5,122.35
117,6,117.02
117,7,101.11
118,3,62.09
118,4,77.03
118,5,74.03
118,6,75.77
118,7,63.83
118,8,64.61
118,9,73.3
118,10,59.98
118,11,57.51
118,12,61.73
118,1,64.84
118,2,67.84
118,3,68.8
118,4,73.23
118,9,71.37
118,10,70.09
118,11,68.71
118,12,78
118,1,70.38
118,2,71.12
118,3,72.12
118,4,90.82
118,5,80.87
118,6,80.2
118,7,78.57
119,3,61.91
119,4,75.73
119,5,76.02
119,6,77.73
119,7,65.71
119,8,65.91
119,9,78.18
119,10,62.22
119,11,59.82
119,12,63.34
119,1,66.55
119,2,70.78
119,3,71.12
119,4,79.55
119,9,75.49
119,10,70.77
119,11,69.12
119,12,91.55
119,1,72.82
119,2,73.75
119,3,77.22
119,4,90.98
119,5,82.5
119,6,79.63
119,7,80.77
120,3,83.22
120,4,119.62
120,5,130.5
120,6,123.57
120,7,89.85
120,8,91.83
120,9,116.23
120,10,83.54
120,11,72.46
120,12,79.3
120,1,78.51
120,2,81.12
120,3,103.06
120,4,155.05
120,5,163.07
120,6,144.94
120,7,132.79
120,8,136.63
120,9,121.79
120,10,105.42
120,11,102.77
120,12,122.08
120,1,105.37
120,2,103.09
120,3,114.49
120,4,135.49
120,5,145.99
120,6,137.23
120,7,119.18
121,3,75.12
121,4,119.07
121,5,115.43
121,6,119.16
121,7,82.11
121,8,82.93
121,9,106.75
121,10,74.28
121,11,68.85
121,12,77.8
121,1,76.12
121,2,85.55
121,3,96.45
121,4,145.39
121,5,139.64
121,6,140.97
121,7,123.15
121,8,121.08
121,9,113.18
121,10,104.49
121,11,102.57
121,12,119.28
121,1,101.75
121,2,106.17
121,3,112.15
121,4,137.56
121,5,144.07
121,6,138.38
121,7,117.61
122,3,86.66
122,4,121.54
122,5,117.74
122,6,118.29
122,7,86.5
122,8,88.17
122,9,108.12
122,10,73.74
122,11,70.73
122,12,80.61
122,1,81.09
122,2,85.96
122,3,103.47
122,4,149.45
122,5,157.29
122,6,141.2
122,7,130.38
122,8,131.36
122,9,124.29
122,10,115.03
122,11,111.46
122,12,131.81
122,1,109
122,2,118.87
122,3,124.16
122,4,145.85
122,5,145.75
122,6,140.85
122,7,124.45
123,3,86.75
123,4,126.01
123,5,127.37
123,6,124.97
123,7,92.71
123,8,96.72
123,9,124.95
123,10,83.91
123,11,81.19
123,12,86.93
123,1,87.82
123,2,94.53
123,3,109.69
123,4,145.26
123,5,144.51
123,6,142.31
123,7,127.63
123,8,128.48
123,9,127.96
123,10,119.24
123,11,114.65
123,12,142.8
123,1,111.77
123,2,121.22
123,3,123.57
123,4,144.95
123,5,149.21
123,6,149.18
123,7,126.83
124,3,77.92
124,4,106.84
124,5,100.65
124,6,110.14
124,7,86.97
124,8,85.07
124,9,108.75
124,10,75.6
124,11,73.98
124,12,79.2
124,1,82.32
124,2,90.79
124,3,98.9
124,4,134.97
124,5,136.31
124,6,130.09
124,7,115.7
124,8,117.13
124,9,112.85
124,10,110
124,11,94.12
124,12,127.04
124,1,96.15
124,2,109.45
124,3,108.74
124,4,136.43
124,5,140.19
124,6,134.74
124,7,114.24
125,3,78.37
125,4,112.71
125,5,109.43
125,6,110.77
125,7,82.61
125,8,82.68
125,9,101.64
125,10,72.03
125,11,68.72
125,12,76.6
125,1,80.28
125,2,82.85
125,3,91.69
125,4,138.4
125,5,146.54
125,6,134.93
125,7,121.71
125,8,120.7
125,9,115.37
125,10,106.82
125,11,97.79
125,12,117.89
125,1,97.1
125,2,110.84
125,3,113.48
125,4,138.85
125,5,131.39
125,6,130.06
125,7,116.06
126,4,107.72
126,5,97.52
126,6,98.68
126,7,91.76
126,8,96.73
126,9,91.7
126,10,91.48
126,11,84.25
126,12,97.37
126,1,86.66
126,2,93.42
126,3,94.53
126,4,116.09
126,5,120.35
126,6,126.76
126,7,98.55
128,3,59.02
128,4,74.99
128,5,70.37
128,6,72.07
128,7,60.4
128,8,62.36
128,9,72.41
128,10,56.08
128,11,54.22
128,12,58.12
128,1,61.18
128,2,64.05
128,3,67.29
128,4,89.15
128,5,85.68
128,6,79.45
128,7,79.07
128,8,78.06
128,9,77.99
128,10,71.1
128,11,70.64
128,12,83.76
128,1,71.92
128,2,79.25
128,3,75.72
128,4,83.12
128,5,89.04
128,6,89.28
128,7,77.75
129,3,72.3
129,4,99.12
129,5,101.87
129,6,101.67
129,7,73.45
129,8,72.66
129,9,99.15
129,10,66.14
129,11,59.88
129,12,67.57
129,1,76.37
129,2,77.82
129,3,89.11
129,4,117.56
129,5,116.53
129,6,112.54
129,7,106.75
129,8,98.86
129,9,102.8
129,10,95.75
129,11,84.74
129,12,111.33
129,1,93.47
129,2,97.67
129,3,95.5
129,4,116.48
129,5,121.33
129,6,117.11
129,7,95.68
130,3,78.14
130,4,79.71
130,5,79.75
130,6,78.39
130,7,76.75
130,8,76.54
130,9,75.93
130,10,71.47
130,11,69.22
130,12,76.49
130,1,74.92
130,2,79.53
130,3,85.5
130,4,115.57
130,5,110.02
130,6,104.35
130,7,100.67
130,8,102.75
130,9,92.96
130,10,90.94
130,11,93.85
130,12,93.48
130,1,93.15
130,2,93.21
130,3,95.86
130,4,104.55
130,5,104.43
130,6,100.32
130,7,96.11
131,3,69.09
131,4,79.45
131,5,78.04
131,6,79.53
131,7,64.33
131,8,61.31
131,9,55.79
131,10,56.05
131,11,61.47
131,12,62.43
131,1,66.79
131,2,67.88
131,3,72.64
131,4,112.75
131,5,118.27
131,6,98.28
131,7,94.44
131,8,95.23
131,9,89.78
131,10,86.91
131,11,78.49
131,12,95.32
131,1,76.35
131,2,84.65
131,3,83.62
131,4,97.62
131,5,89.41
131,6,86.86
131,7,88.75
132,3,85.38
132,4,126.85
132,5,114.55
132,6,119.72
132,7,93.79
132,8,91.68
132,9,115.19
132,10,81.32
132,11,76.84
132,12,82.75
132,1,86.3
132,2,90.79
132,3,109.02
132,4,144.94
132,5,150.44
132,6,146.54
132,7,131.02
132,8,127.99
132,9,122.28
132,10,115.67
132,11,106.49
132,12,122.7
132,1,112.38
132,2,116.1
132,3,119.42
132,4,140.69
132,5,146.2
132,6,142.48
132,7,124.94
133,3,88.74
133,4,120.47
133,5,117.82
133,6,116.42
133,7,93.33
133,8,92.01
133,9,117.93
133,10,84.74
133,11,76.9
133,12,85.85
133,1,92.3
133,2,94.91
133,3,110.89
133,4,142.73
133,5,141.13
133,6,137.43
133,7,121.79
133,8,125.41
133,9,122.62
133,10,115.88
133,11,103.98
133,12,129.95
133,1,108.35
133,2,116.11
133,3,118.73
133,4,129.59
133,5,133.21
133,6,139.55
133,7,119.47
134,3,88.76
134,4,122.86
134,5,119.06
134,6,119.6
134,7,96.72
134,8,98.62
134,9,117.51
134,10,89.02
134,11,84.18
134,12,94.2
134,1,91.97
134,2,93.44
134,3,117.95
134,4,160.25
134,5,156.09
134,6,160.64
134,7,146.35
134,8,135.58
134,9,128.02
134,10,124.71
134,11,115.75
134,12,134.31
134,1,103.85
134,2,114.77
134,3,122.95
134,4,142.45
134,5,140.11
134,6,131.7
134,7,123.8
135,3,57.28
135,4,77.63
135,5,78.36
135,6,81.03
135,7,58.2
135,8,57.03
135,9,78.35
135,10,50.59
135,11,50.01
135,12,52.49
135,1,57.41
135,2,59.45
135,3,64.46
135,4,91.13
135,5,93.66
135,6,98.08
135,7,82.83
135,8,86.27
135,9,74.01
135,10,73.43
135,11,64.78
135,12,91.33
135,1,67.35
135,2,73.63
135,3,71.96
135,4,86.47
135,5,76.26
135,6,78.3
135,7,76.48
136,3,56.48
136,4,82.85
136,5,81.45
136,6,84.8
136,7,60.86
136,8,61.02
136,9,80.02
136,10,56.09
136,11,54.54
136,12,58.25
136,1,59.67
136,2,64.92
136,3,75.92
136,4,115.77
136,5,98.86
136,6,102.99
136,7,91.83
136,8,88.74
136,9,89.5
136,10,82.04
136,11,76.29
136,12,102.37
136,1,77.79
136,2,80.33
136,3,84.64
136,4,112.88
136,5,85.02
136,6,84.08
136,7,85.59
137,7,76.14
137,8,77.14
137,9,83.56
137,10,74.53
137,11,70.28
137,12,89.82
137,1,71.28
137,2,81.65
137,3,82.46
137,4,100.23
137,5,86.92
137,6,85.07
137,7,85.94
138,3,54.27
138,4,74.29
138,5,72.26
138,6,75.45
138,7,58.12
138,8,57.97
138,9,67.8
138,10,54.6
138,11,52.83
138,12,56.33
138,1,58.28
138,2,61.95
138,3,66.19
138,4,95.9
138,5,93.3
138,6,91.29
138,7,80.37
138,8,85.25
138,9,81.35
138,10,70.6
138,11,64.38
138,12,86.82
138,1,69.84
138,2,76.81
138,3,71.94
138,4,99.55
138,5,80.75
138,6,77.53
138,7,78.04
139,3,61.75
139,4,89.72
139,5,91.23
139,6,89.29
139,7,63.11
139,8,64.05
139,9,89.46
139,10,58.75
139,11,58.11
139,12,60.44
139,1,64.31
139,2,68.67
139,3,75.43
139,4,112.68
139,5,102.17
139,6,101.79
139,7,81.94
139,5,78.24
139,6,82.4
139,7,80.79
140,3,74.91
140,4,97.48
140,5,83.31
140,6,82.29
140,7,81.62
141,3,55.73
141,4,80.7
141,5,67.98
141,6,70.52
141,7,57.06
141,8,55.86
141,9,74.74
141,10,52.75
141,11,52.29
141,12,57.03
141,1,59.11
141,2,64.69
141,3,67.08
141,4,94.67
141,5,86.43
141,6,88.25
141,7,76.74
141,8,77.29
141,9,77.06
141,10,72.89
141,11,66.79
141,12,76.75
141,1,64.39
141,2,70.05
141,3,71.13
141,4,96.3
141,5,77.87
141,6,76.88
141,7,75.84
142,3,84.26
142,4,124.15
142,5,123.4
142,6,126.69
142,7,89.9
142,8,92.65
142,9,123.48
142,10,82.26
142,11,76.67
142,12,86.02
142,1,92.98
142,2,92.89
142,3,103.15
142,4,142.72
142,5,142.37
142,6,137.53
142,7,121.81
142,8,126.41
142,9,125.99
142,10,114.28
142,11,109.56
142,12,137.83
142,1,102.66
142,2,111.92
142,3,119.2
142,4,143.39
142,5,138.2
142,6,142.6
142,7,120.71
143,3,80.86
143,4,125.01
143,5,140.78
143,6,128
143,7,86.04
143,8,88.63
143,9,125.16
143,10,78.46
143,11,72.25
143,12,81.13
143,1,81.67
143,2,86.11
143,3,95.12
143,4,128.87
143,5,139.56
143,6,129.56
143,7,121.53
143,8,119.63
143,9,114.48
143,10,104.94
143,11,101.11
143,12,121
143,1,102.18
143,2,109.1
143,3,110.88
143,4,137.93
143,5,128.35
143,6,132.86
143,7,115.7
144,3,62.07
144,4,83.85
144,5,81.54
144,6,83.83
144,7,64.64
144,8,62.69
144,9,80.99
144,10,59.47
144,11,54.7
144,12,57.87
144,1,63.1
144,2,65.98
144,3,67.99
144,4,95.19
144,5,100.93
144,6,95.49
144,7,84.5
144,8,85.1
144,9,86.15
144,10,78.74
144,11,73.21
144,12,101.16
144,1,72.99
144,2,79.61
144,3,84.68
144,4,93.3
144,5,96.11
144,6,102.86
144,7,81.37
